Unnamed: 0,start_date,end_date,start_yaw,end_yaw,start_pitch,end_pitch,start_roll,end_roll,start_beam_xpos,end_beam_xpos,start_beam_ypos,end_beam_ypos,start_edge,end_edge,start_req_edge,end_req_edge,plane,phi022,para_mode,perp_mode,yaw_change,pitch_change,roll_change,change_in_edge_pos_from_nominal,c_from_edge,c_from_pitchyaw
0,2023-01-28 14:55:46,2023-01-28 14:56:15,1.278,1.276,0.33211,0.33211,162.0,162.0,-0.0657352,-0.704548,1.07034,0.891394,8609.64,8641.52,8620.0,8620.0,1,0,4,3,-0.002,0.0,0.0,11.159999999999854,0.0027418806255706286,0.002
1,2023-01-28 14:56:22,2023-01-28 14:56:41,1.276,1.278,0.33211,0.33211,162.0,162.0,-0.664615,-0.912056,0.903012,0.8442459999999999,8640.99,8640.21,8620.0,8620.0,1,0,4,3,0.002,0.0,0.0,-0.7800000000006548,6.77656508568727e-05,0.002
2,2023-01-28 14:56:43,2023-01-28 14:56:54,1.278,1.279,0.33211,0.33211,162.0,162.0,-0.8310719999999999,-0.7922739999999999,0.873273,0.88166,8640.35,8636.14,8620.0,8620.0,1,0,4,3,0.0010000000000001,0.0,0.0,-4.210000000000946,0.00036517950634150744,0.0010000000000001
3,2023-01-28 14:56:57,2023-01-28 14:57:08,1.279,1.28,0.33211,0.33211,162.0,162.0,-0.7349680000000001,-0.735557,0.911636,0.939285,8637.88,8626.17,8620.0,8620.0,1,0,4,3,0.0009999999999998,0.0,0.0,-11.709999999999129,0.0010114873387487525,0.0009999999999998
4,2023-01-28 14:59:00,2023-01-28 14:59:12,1.28,1.281,0.33211,0.33211,162.0,162.0,-0.608266,-0.627563,0.918053,0.89689,8629.28,8616.86,8620.0,8620.0,1,0,4,3,0.0009999999999998,0.0,0.0,-6.140000000001237,0.0010663716309984954,0.0009999999999998
5,2023-01-28 22:31:54,2023-01-28 22:32:06,1.062,1.06271,-0.2819,-0.2811929999999999,-153.0,-153.0,-0.606843,-0.616732,0.903155,0.916924,8629.96,8616.04,8620.0,8620.0,1,45,4,3,0.0007099999999999,0.000707,0.0,-6.0,0.0011951056026565713,0.001001972554514273
6,2023-02-02 01:54:52,2023-02-02 01:59:32,1.06271,0.960124,-0.2811929999999999,-1.75422,-153.0,-153.0,-1.07956,-1.4694,0.982,1.17453,8616.94,8624.97,8620.0,8620.0,1,45,4,3,-0.102586,-1.473027,0.0,1.9099999999998545,0.0006884692534071786,1.4765948767773103
7,2023-02-04 05:48:40,2023-02-04 05:48:51,0.960124,0.960831,-1.75422,-1.75493,-153.0,-153.0,-0.4543069999999999,-0.4966069999999999,1.00707,0.997715,8634.31,8628.92,8620.0,8620.0,2,45,4,3,0.000707,-0.0007099999999997,0.0,-5.389999999999418,0.00046544782916385684,0.0010019725545141315
8,2023-02-08 06:27:16,2023-02-08 06:27:27,0.960124,0.960831,-1.75422,-1.75493,-153.0,-153.0,-0.48177,-0.497612,0.924643,0.958482,8631.76,8627.7,8620.0,8620.0,2,45,4,3,0.000707,-0.0007099999999997,0.0,-4.059999999999491,0.000350152088719924,0.0010019725545141315
9,2023-02-12 02:49:23,2023-02-12 02:50:17,0.16589,1.06271,-0.6579999999999999,-0.2811929999999999,-153.0,-153.0,-0.558767,-0.578978,0.800786,0.737923,8625.05,8617.43,8620.0,8620.0,0,45,4,3,0.8968200000000001,0.3768069999999999,0.0,-2.4799999999995634,0.0006534419284435726,999.0
10,2023-02-12 23:34:18,2023-02-12 23:35:18,1.06271,1.06271,-0.2811929999999999,-0.2811929999999999,-153.0,-153.0,-0.55271,-0.527895,0.982802,0.970863,8605.66,8613.06,8620.0,8620.0,0,45,4,3,0.0,0.0,0.0,-7.399999999999636,0.0006295445254016471,0.0
11,2023-02-13 23:51:19,2023-02-13 23:52:14,1.281,1.281,0.33211,0.33211,162.0,162.0,-0.491108,-0.4344810000000001,0.94717,0.987892,8570.54,8618.45,8620.0,8620.0,0,0,4,3,0.0,0.0,0.0,-47.909999999999854,0.00403590740805574,0.0
12,2023-02-15 01:04:52,2023-02-15 01:05:03,1.062,1.0613,-0.2819,-0.282607,-153.0,-153.0,-0.581539,-0.581238,1.16125,1.14015,8596.88,8596.53,8620.0,8620.0,1,45,4,3,-0.0007000000000001,-0.000707,0.0,0.3499999999985448,2.9525305656249737e-05,0.0009949115538579998
13,2023-02-15 01:05:57,2023-02-15 01:06:08,1.06059,1.05988,-0.283314,-0.284021,-153.0,-153.0,-0.508317,-0.5898260000000001,1.1639,1.16385,8596.6,8600.32,8620.0,8620.0,1,45,4,3,-0.0007099999999999,-0.000707,0.0,-3.719999999999345,0.0003141790184338247,0.001001972554514273
14,2023-02-15 01:06:11,2023-02-15 01:06:33,1.05988,1.05847,-0.284021,-0.285436,-153.0,-153.0,-0.605811,-0.6439229999999999,1.10938,1.1238,8600.32,8615.49,8620.0,8620.0,1,45,4,3,-0.0014099999999999,-0.0014149999999999,0.0,-15.170000000000073,0.0012893177376768219,0.0019975797856404726
15,2023-02-16 22:17:56,2023-02-16 22:18:07,1.06271,1.062,-0.2811929999999999,-0.2819,-153.0,-153.0,-0.478388,-0.514597,1.02998,1.02037,8613.83,8609.76,8620.0,8620.0,1,45,4,3,-0.0007099999999999,-0.000707,0.0,4.069999999999709,0.00034681364584380033,0.001001972554514273
16,2023-02-16 22:18:14,2023-02-16 22:18:25,1.06271,1.06271,-0.2819,-0.2811929999999999,-153.0,-153.0,-0.479913,-0.52353,1.00452,0.972981,8606.06,8604.21,8620.0,8620.0,1,45,4,3,0.0,0.000707,0.0,1.850000000000364,0.00015694215496994316,0.000707
17,2023-02-16 22:18:47,2023-02-16 22:18:58,1.06271,1.06342,-0.2811929999999999,-0.280486,-153.0,-153.0,-0.5113300000000001,-0.496539,0.977695,0.978083,8602.96,8598.19,8620.0,8620.0,1,45,4,3,0.0007099999999999,0.0007069999999999,0.0,4.769999999998618,0.0004034270200428911,0.0010019725545142024
18,2023-02-16 22:20:47,2023-02-16 22:20:58,1.06271,1.062,-0.2811929999999999,-0.2819,-153.0,-153.0,-0.588608,-0.544355,1.00792,1.0081,8589.3,8589.37,8620.0,8620.0,1,45,4,3,-0.0007099999999999,-0.000707,0.0,-0.0700000000015279,5.876185742538295e-06,0.001001972554514273
19,2023-02-16 22:25:31,2023-02-16 22:25:42,1.062,1.0613,-0.2819,-0.282607,-153.0,-153.0,-0.4674939999999999,-0.479139,0.939316,0.96935,8590.2,8588.91,8620.0,8620.0,1,45,4,3,-0.0007000000000001,-0.000707,0.0,1.2900000000008731,0.00010830554160198777,0.0009949115538579998
20,2023-02-16 22:26:17,2023-02-16 22:26:28,1.062,1.062,-0.2819,-0.2819,-153.0,-153.0,-0.546291,-0.505254,1.01597,1.02119,8588.99,8590.8,8620.0,8620.0,1,45,4,3,0.0,0.0,0.0,-1.809999999999491,0.00015199792752751626,0.0
21,2023-02-16 22:26:43,2023-02-16 22:26:54,1.06271,1.06271,-0.2811929999999999,-0.2811929999999999,-153.0,-153.0,-0.475891,-0.449575,1.00845,0.970284,8591.23,8591.84,8620.0,8620.0,1,45,4,3,0.0,0.0,0.0,-0.6100000000005821,5.128168130296691e-05,0.0
22,2023-02-16 22:27:03,2023-02-16 22:27:50,1.06342,1.0641200000000002,-0.2811929999999999,-0.279779,-153.0,-153.0,-0.504362,-0.512822,0.988272,0.958561,8591.73,8584.75,8620.0,8620.0,1,45,4,3,0.0007000000000001,0.0014139999999999,0.0,6.979999999999563,0.000585514461852855,0.001577781987474777
23,2023-02-16 22:27:58,2023-02-16 22:28:10,1.0641200000000002,1.06342,-0.279779,-0.280486,-153.0,-153.0,-0.441593,-0.447333,0.980375,0.961835,8584.2,8620.9,8620.0,8620.0,1,45,4,3,-0.0007000000000001,-0.000707,0.0,-34.89999999999964,0.0031081415455411704,0.0009949115538579998
24,2023-02-16 22:30:14,2023-02-16 22:30:25,1.06342,1.06271,-0.280486,-0.2811929999999999,-153.0,-153.0,-0.500102,-0.498566,1.02614,1.01495,8579.36,8578.5,8620.0,8620.0,1,45,4,3,-0.0007099999999999,-0.0007069999999999,0.0,0.8600000000005821,7.169670979968398e-05,0.0010019725545142024
25,2023-02-16 22:31:47,2023-02-16 22:31:58,1.06271,1.062,-0.2811929999999999,-0.2819,-153.0,-153.0,-0.593951,-0.455647,1.0388700000000002,1.02596,8577.06,8601.96,8620.0,8620.0,1,45,4,3,-0.0007099999999999,-0.000707,0.0,-24.89999999999964,0.0020905219863842114,0.001001972554514273
26,2023-02-16 22:32:18,2023-02-16 22:32:30,1.062,1.06271,-0.2819,-0.2811929999999999,-153.0,-153.0,-0.544,-0.520981,1.05944,1.07831,8578.83,8578.91,8620.0,8620.0,1,45,4,3,0.0007099999999999,0.000707,0.0,-0.0799999999999272,6.6691963328060826e-06,0.001001972554514273
27,2023-02-16 22:33:11,2023-02-16 22:33:22,1.06271,1.06342,-0.2811929999999999,-0.280486,-153.0,-153.0,-0.457022,-0.48248,1.00242,0.965,8579.48,8581.89,8620.0,8620.0,1,45,4,3,0.0007099999999999,0.0007069999999999,0.0,-2.4099999999998545,0.00020115118952288694,0.0010019725545142024
28,2023-02-16 22:33:33,2023-02-16 22:33:44,1.06342,1.06271,-0.280486,-0.2811929999999999,-153.0,-153.0,-0.4849729999999999,-0.517824,0.985799,0.99564,8581.84,8579.38,8620.0,8620.0,1,45,4,3,-0.0007099999999999,-0.0007069999999999,0.0,2.460000000000946,0.000205314251917772,0.0010019725545142024
29,2023-02-16 22:34:02,2023-02-16 22:34:13,1.062,1.0613,-0.2819,-0.282607,-153.0,-153.0,-0.4601369999999999,-0.457025,1.00206,1.00179,8578.37,8583.58,8620.0,8620.0,1,45,4,3,-0.0007000000000001,-0.000707,0.0,-5.209999999999127,0.00043493761685729705,0.0009949115538579998
30,2023-02-16 22:34:18,2023-02-16 22:34:29,1.0613,1.06059,-0.282607,-0.283314,-153.0,-153.0,-0.457025,-0.488252,0.992993,1.00564,8583.76,8588.98,8620.0,8620.0,1,45,4,3,-0.0007099999999999,-0.000707,0.0,-5.219999999999345,0.00043733406841918156,0.001001972554514273
31,2023-02-16 22:34:33,2023-02-16 22:34:44,1.06059,1.05988,-0.283314,-0.284021,-153.0,-153.0,-0.488252,-0.502005,1.00564,0.988399,8589.52,8596.54,8620.0,8620.0,1,45,4,3,-0.0007099999999999,-0.000707,0.0,-7.020000000000437,0.0005907474504489804,0.001001972554514273
32,2023-02-16 22:34:46,2023-02-16 22:34:57,1.05988,1.0591700000000002,-0.284021,-0.284729,-153.0,-153.0,-0.502005,-0.498741,0.988399,0.965797,8597.09,8605.71,8620.0,8620.0,1,45,4,3,-0.0007099999999997,-0.0007079999999999,0.0,-8.619999999998981,0.0007294464790142594,0.001002678413051479
33,2023-02-16 22:35:01,2023-02-16 22:35:12,1.0591700000000002,1.05847,-0.284729,-0.285436,-153.0,-153.0,-0.549067,-0.467693,1.00258,1.00946,8605.88,8614.04,8620.0,8620.0,1,45,4,3,-0.0007000000000001,-0.000707,0.0,-8.160000000001673,0.0006944793128126329,0.0009949115538579998
34,2023-02-16 22:35:20,2023-02-16 22:35:31,1.05847,1.05776,-0.285436,-0.286143,-153.0,-153.0,-0.534331,-0.4934270000000001,1.05598,0.991859,8614.11,8621.12,8620.0,8620.0,1,45,4,3,-0.0007099999999999,-0.0007069999999999,0.0,-4.769999999998618,0.000599671691355865,0.0010019725545142024
35,2023-02-17 22:10:09,2023-02-17 22:10:20,1.05847,1.05847,-0.2811929999999999,-0.280486,-153.0,-153.0,-0.47718,-0.446762,0.976566,0.970039,8653.77,8638.57,8620.0,8620.0,1,45,4,3,0.0,0.0007069999999999,0.0,-15.200000000000728,0.001325555181084702,0.0007069999999999
36,2023-02-17 22:10:24,2023-02-17 22:10:36,1.05847,1.0591700000000002,-0.280486,-0.279779,-153.0,-153.0,-0.433125,-0.529158,0.940026,0.95388,8638.22,8627.13,8620.0,8620.0,1,45,4,3,0.0007000000000001,0.000707,0.0,-11.090000000000146,0.0009583522661701085,0.0009949115538579998
37,2023-02-17 22:11:46,2023-02-17 22:11:58,1.0591700000000002,1.05988,-0.279779,-0.279072,-153.0,-153.0,-0.443771,-0.555463,0.918909,0.921631,8625.36,8617.06,8620.0,8620.0,1,45,4,3,0.0007099999999997,0.000707,0.0,-2.4200000000000728,0.0007117402121977118,0.0010019725545141315
38,2023-02-17 22:12:17,2023-02-17 22:12:28,1.05988,1.0591700000000002,-0.279072,-0.279779,-153.0,-153.0,-0.500992,-0.450113,0.958133,0.956719,8615.45,8612.76,8620.0,8620.0,1,45,4,3,-0.0007099999999997,-0.000707,0.0,2.6900000000005093,0.0002295755574922768,0.0010019725545141315
39,2023-02-17 22:12:54,2023-02-17 22:13:05,1.0591700000000002,1.05847,-0.279779,-0.280486,-153.0,-153.0,-0.5095189999999999,-0.4854060000000001,1.01315,0.992444,8611.26,8608.89,8620.0,8620.0,1,45,4,3,-0.0007000000000001,-0.000707,0.0,2.3700000000008004,0.00020172056122767267,0.0009949115538579998
40,2023-02-17 22:13:21,2023-02-17 22:13:32,1.05847,1.05776,-0.280486,-0.2811929999999999,-153.0,-153.0,-0.4690829999999999,-0.512111,0.989938,0.965987,8609.71,8610.21,8620.0,8620.0,1,45,4,3,-0.0007099999999999,-0.0007069999999999,0.0,-0.5,4.2553800526145654e-05,0.0010019725545142024
41,2023-02-17 22:13:42,2023-02-17 22:13:53,1.05776,1.05705,-0.2811929999999999,-0.2819,-153.0,-153.0,-0.52728,-0.490843,1.02471,0.996795,8609.69,8613.03,8620.0,8620.0,1,45,4,3,-0.0007099999999999,-0.000707,0.0,-3.340000000000145,0.00028452585395847554,0.001001972554514273
42,2023-02-17 22:14:04,2023-02-17 22:14:15,1.05635,1.05635,-0.282607,-0.282607,-153.0,-153.0,-0.445026,-0.4649359999999999,1.00483,0.986911,8613.94,8617.59,8620.0,8620.0,1,45,4,3,0.0,0.0,0.0,-3.649999999999636,0.0003118525720154862,0.0
43,2023-02-19 01:53:03,2023-02-19 01:53:15,1.05635,1.05564,-0.282607,-0.283314,-153.0,-153.0,-0.4316979999999999,-0.519405,1.02093,1.03492,8613.0,8671.65,8620.0,8620.0,1,45,4,3,-0.0007099999999999,-0.000707,0.0,44.64999999999964,0.005101902485546782,0.001001972554514273
44,2023-02-19 01:53:19,2023-02-19 01:53:30,1.05564,1.05494,-0.283314,-0.284021,-153.0,-153.0,-0.519405,-0.446549,1.00585,0.981927,8610.92,8609.84,8620.0,8620.0,1,45,4,3,-0.0006999999999999,-0.000707,0.0,1.0799999999999272,9.194203920361347e-05,0.0009949115538578593
45,2023-02-19 01:54:01,2023-02-19 01:54:12,1.05494,1.05423,-0.284021,-0.284728,-153.0,-153.0,-0.453867,-0.519929,1.00568,0.988325,8609.39,8667.32,8620.0,8620.0,1,45,4,3,-0.0007099999999999,-0.000707,0.0,36.70999999999913,0.005025756146600823,0.001001972554514273
46,2023-02-19 01:54:18,2023-02-19 01:54:30,1.05423,1.05352,-0.284728,-0.285435,-153.0,-153.0,-0.499316,-0.5102949999999999,1.0389700000000002,1.02791,8667.62,8607.86,8620.0,8620.0,1,45,4,3,-0.0007099999999999,-0.0007069999999999,0.0,-35.48000000000138,0.005182398114105554,0.0010019725545142024
47,2023-02-19 01:54:35,2023-02-19 01:54:46,1.05352,1.05281,-0.285435,-0.286143,-153.0,-153.0,-0.494514,-0.537479,1.01741,1.0386799999999998,8606.9,8610.99,8620.0,8620.0,1,45,4,3,-0.0007099999999999,-0.0007079999999999,0.0,-4.0900000000001455,0.000347854043197159,0.0010026784130516206
48,2023-02-19 01:54:49,2023-02-19 01:55:00,1.05281,1.05211,-0.286143,-0.28685,-153.0,-153.0,-0.537479,-0.491216,1.01351,1.0002799999999998,8612.52,8683.01,8620.0,8620.0,1,45,4,3,-0.0006999999999999,-0.000707,0.0,55.530000000000655,0.006154742762904569,0.0009949115538578593
49,2023-02-19 01:57:25,2023-02-19 01:57:36,1.0514,1.0514,-0.287557,-0.287557,-153.0,-153.0,-0.526231,-0.497741,0.997723,1.02595,8632.33,8621.48,8620.0,8620.0,1,45,4,3,0.0,0.0,0.0,-10.850000000000364,0.0009339765101083753,0.0
50,2023-02-20 18:50:53,2023-02-20 18:51:04,1.05635,1.05706,-0.282607,-0.2819,-153.0,-153.0,-0.5363180000000001,-0.517821,1.01437,1.03503,8644.11,8643.2,8620.0,8620.0,1,45,4,3,0.0007100000000002,0.000707,0.0,-0.9099999999998544,7.922340733082576e-05,0.0010019725545144856
51,2023-02-20 18:51:12,2023-02-20 18:51:34,1.05706,1.05847,-0.2819,-0.280486,-153.0,-153.0,-0.54965,-0.5861029999999999,1.04496,1.07876,8646.38,8634.3,8620.0,8620.0,1,45,4,3,0.0014099999999999,0.0014139999999999,0.0,-12.079999999999927,0.0010493187653336543,0.0019968715532050216
52,2023-02-20 18:51:36,2023-02-20 18:51:47,1.05918,1.05918,-0.279779,-0.279779,-153.0,-153.0,-0.5861029999999999,-0.540017,1.07876,1.06884,8634.3,8626.45,8620.0,8620.0,1,45,4,3,0.0,0.0,0.0,-7.849999999998545,0.0006773131954336762,0.0
53,2023-02-21 10:11:22,2023-02-21 10:14:14,0.960831,1.281,-1.75493,0.33211,162.0,162.0,-0.518885,-0.509446,0.996637,1.04788,8600.93,8618.39,8620.0,8620.0,0,0,4,3,0.3201689999999999,2.08704,0.0,-17.459999999999127,0.0014856932255516977,999.0
54,2023-02-22 13:40:27,2023-02-22 13:40:38,1.05635,1.05564,-0.282607,-0.283314,-153.0,-153.0,-0.49668,-0.473717,1.01006,0.99141,8584.22,8605.13,8620.0,8620.0,1,45,4,3,-0.0007099999999999,-0.000707,0.0,-20.90999999999985,0.0017615652853312698,0.001001972554514273
55,2023-02-22 13:40:41,2023-02-22 13:40:52,1.05494,1.05494,-0.284021,-0.284021,-153.0,-153.0,-0.481696,-0.503412,0.979704,1.0181,8608.41,8671.7,8620.0,8620.0,1,45,4,3,0.0,0.0,0.0,40.11000000000058,0.005497177976858993,0.0
56,2023-02-23 16:15:56,2023-02-23 16:16:32,1.05635,1.05989,-0.282607,-0.279071,-153.0,-153.0,-0.4710189999999999,-0.535576,0.980314,0.994172,8555.68,8625.81,8620.0,8620.0,1,45,4,3,0.00354,0.0035359999999999,0.0,-58.51000000000022,0.005893417000634447,0.005003488383118251
57,2023-02-23 20:43:56,2023-02-23 20:44:07,0.960831,0.961538,-1.75493,-1.75564,-153.0,-153.0,-0.487917,-0.482502,1.02197,1.01613,8631.41,8627.34,8630.0,8630.0,2,45,4,3,0.0007069999999999,-0.0007100000000002,0.0,1.25,0.0003509306431598752,0.0010019725545144151
58,2023-02-23 20:44:10,2023-02-23 20:44:22,0.961538,0.962245,-1.75564,-1.7563400000000002,-153.0,-153.0,-0.482502,-0.507831,1.01613,0.999591,8626.83,8622.25,8630.0,8630.0,2,45,4,3,0.0007070000000002,-0.0007000000000001,0.0,4.579999999999927,0.0003936224364817414,0.000994911553858142
59,2023-02-25 06:32:51,2023-02-25 06:33:42,0.962245,0.86325,-1.7563400000000002,-1.65735,-153.0,-153.0,-0.515044,-0.5706,1.06903,1.05061,0.0,0.0,8630.0,8630.0,2,45,4,3,-0.0989950000000001,0.0989900000000001,0.0,0.0,0.0,0.13999653611786272
60,2023-02-25 07:07:57,2023-02-25 07:08:08,0.86325,0.8561790000000001,-1.65735,-1.65028,-153.0,-153.0,-0.458654,-0.532433,1.1314799999999998,1.12111,0.0,0.0,8630.0,8630.0,2,45,4,3,-0.0070709999999998,0.0070700000000001,0.0,0.0,0.0,0.009999197017760905
61,2023-02-25 07:09:14,2023-02-25 07:09:28,0.8561790000000001,0.960831,-1.65028,-1.75493,-153.0,-153.0,-0.462088,-0.4926819999999999,0.988556,0.99532,0.0,0.0,8630.0,8630.0,0,45,4,3,0.1046519999999998,-0.1046499999999999,0.0,0.0,0.0,0.14799886352266337
62,2023-02-25 07:34:35,2023-02-25 07:35:46,0.960831,1.05989,-1.75493,-0.279071,-153.0,-153.0,-0.491814,-0.4644819999999999,1.03299,1.03113,8632.5,8633.97,8630.0,8630.0,2,45,4,3,0.099059,1.4758589999999998,0.0,1.4699999999993452,0.00012707888929164218,999.0
63,2023-02-25 07:40:21,2023-02-25 07:40:33,1.05989,1.05635,-0.279071,-0.282607,-153.0,-153.0,-0.482463,-0.463005,1.00098,0.995198,8632.73,8633.42,8630.0,8630.0,1,45,4,3,-0.00354,-0.0035359999999999,0.0,0.6900000000005093,5.964283836591556e-05,0.005003488383118251
64,2023-02-25 07:42:41,2023-02-25 08:59:25,1.05635,0.960831,-0.282607,-1.75493,-153.0,-153.0,-0.5617,-0.511424,1.00908,1.03129,8633.54,8667.25,8630.0,8630.0,1,45,4,3,-0.0955189999999999,-1.4723229999999998,0.0,33.70999999999913,0.0029482720479578925,1.4754182104372981
65,2023-02-25 14:31:07,2023-02-25 14:31:18,1.6536,1.6529,-1.72872,-1.72802,-153.0,-153.0,-0.4811029999999999,-0.4598239999999999,0.959153,0.994843,8611.56,8620.04,8630.0,8630.0,2,45,4,3,-0.0006999999999999,0.0006999999999999,0.0,-8.480000000001382,0.0007245414226300092,0.0009899494936610252
66,2023-02-25 21:34:31,2023-02-25 21:34:54,0.82789,0.82789,-0.6609999999999999,-0.659,162.0,162.0,-0.5004890000000001,-0.479638,1.00064,1.01146,8603.24,8616.95,8630.0,8630.0,2,0,4,3,0.0,0.0019999999999998,0.0,-13.710000000000946,0.0011669367075349273,0.0019999999999998
67,2023-02-26 01:46:24,2023-02-26 01:46:38,1.72786,1.72927,-0.291025,-0.289611,-153.0,-153.0,-0.4675149999999999,-0.405704,0.942359,0.969013,8638.77,8615.36,8630.0,8630.0,1,45,4,3,0.0014100000000001,0.0014139999999999,0.0,5.869999999998981,0.0020153926048639267,0.001996871553205163
68,2023-02-26 01:47:40,2023-02-26 01:47:51,1.72927,1.7285700000000002,-0.289611,-0.2903179999999999,-153.0,-153.0,-0.472643,-0.525255,0.992547,0.978018,8614.68,8612.4,8630.0,8630.0,1,45,4,3,-0.0006999999999999,-0.0007069999999999,0.0,2.280000000000655,0.00019451085744294863,0.0009949115538577882
69,2023-02-26 01:48:22,2023-02-26 01:48:33,1.72786,1.72786,-0.291025,-0.291025,-153.0,-153.0,-0.56011,-0.52715,0.987363,0.986001,8611.26,8609.77,8630.0,8630.0,1,45,4,3,0.0,0.0,0.0,1.4899999999997815,0.00012685742178295727,0.0
70,2023-02-26 01:48:59,2023-02-26 01:49:10,1.72715,1.72715,-0.291025,-0.291732,-153.0,-153.0,-0.553773,-0.528285,1.00101,0.981263,8608.93,8609.09,8630.0,8630.0,1,45,4,3,0.0,-0.000707,0.0,-0.1599999999998544,1.36085672403088e-05,0.000707
71,2023-02-26 01:49:31,2023-02-26 01:49:42,1.72715,1.72645,-0.291732,-0.292439,-153.0,-153.0,-0.434405,-0.461178,0.979747,0.983422,8609.25,8611.77,8630.0,8630.0,1,45,4,3,-0.0006999999999999,-0.000707,0.0,-2.520000000000437,0.00021455011441659302,0.0009949115538578593
72,2023-02-26 01:49:55,2023-02-26 01:50:06,1.72645,1.72574,-0.292439,-0.293146,-153.0,-153.0,-0.4995729999999999,-0.524928,0.984153,0.989604,8612.77,8615.39,8630.0,8630.0,1,45,4,3,-0.0007099999999999,-0.000707,0.0,-2.6199999999989814,0.00022359772577310093,0.001001972554514273
73,2023-02-26 11:36:02,2023-02-26 11:36:13,1.94,1.941,0.30611,0.30611,162.0,162.0,-0.5591689999999999,-0.479926,1.00101,0.995938,8630.94,8609.04,8630.0,8630.0,1,0,4,3,0.0009999999999998,0.0,0.0,20.019999999998618,0.0018764494888332405,0.0009999999999998
74,2023-02-26 17:44:03,2023-02-26 17:44:14,0.82789,0.82789,-0.6609999999999999,-0.66,162.0,162.0,-0.504633,-0.532034,1.01247,1.02584,8606.24,8608.09,8630.0,8630.0,2,0,4,3,0.0,0.0009999999999998,0.0,-1.850000000000364,0.00015715513072943324,0.0009999999999998
75,2023-02-26 17:44:23,2023-02-26 17:44:34,0.82789,0.82789,-0.66,-0.659,162.0,162.0,-0.4561850000000001,-0.524517,1.02425,1.02999,8608.22,8615.77,8630.0,8630.0,2,0,4,3,0.0,0.001,0.0,-7.550000000001091,0.0006434389509950267,0.001
76,2023-02-26 21:10:14,2023-02-26 21:10:25,1.7285700000000002,1.72927,-0.2903179999999999,-0.289611,-153.0,-153.0,-0.416718,-0.413472,1.07266,1.05672,8639.77,8615.87,8630.0,8630.0,1,45,4,3,0.0006999999999999,0.0007069999999999,0.0,4.359999999998763,0.002058624083478022,0.0009949115538577882
77,2023-02-26 21:10:34,2023-02-26 21:10:45,1.7285700000000002,1.7285700000000002,-0.2903179999999999,-0.2903179999999999,-153.0,-153.0,-0.4842479999999999,-0.424914,1.07922,1.03465,8616.54,8614.95,8630.0,8630.0,1,45,4,3,0.0,0.0,0.0,1.5900000000001455,0.0001358462446907433,0.0
78,2023-02-26 21:11:00,2023-02-26 21:11:11,1.7285700000000002,1.72786,-0.2903179999999999,-0.291025,-153.0,-153.0,-0.49609,-0.4234739999999999,1.06886,1.03025,8613.91,8611.34,8630.0,8630.0,1,45,4,3,-0.0007100000000002,-0.000707,0.0,2.569999999999709,0.00021911699421172016,0.0010019725545144856
79,2023-02-26 21:11:23,2023-02-26 21:11:34,1.72786,1.72715,-0.291025,-0.291732,-153.0,-153.0,-0.435832,-0.435832,0.983554,0.983554,8612.26,8611.9,8630.0,8630.0,1,45,4,3,-0.0007099999999999,-0.000707,0.0,0.3600000000005821,3.0682229518099623e-05,0.001001972554514273
80,2023-02-26 21:11:41,2023-02-26 21:11:52,1.72715,1.72645,-0.291732,-0.292439,-153.0,-153.0,-0.57791,-0.512469,0.996747,1.0036200000000002,8611.0,8614.81,8630.0,8630.0,1,45,4,3,-0.0006999999999999,-0.000707,0.0,-3.80999999999949,0.00032489978585643133,0.0009949115538578593
81,2023-02-26 21:12:01,2023-02-26 21:12:12,1.72645,1.72574,-0.292439,-0.293146,-153.0,-153.0,-0.452329,-0.5045810000000001,0.990335,0.990335,8614.83,8618.6,8630.0,8630.0,1,45,4,3,-0.0007099999999999,-0.000707,0.0,-3.770000000000437,0.0003223104431017348,0.001001972554514273
82,2023-02-27 00:36:04,2023-02-27 00:36:15,1.65431,1.65431,-1.72943,-1.72943,-153.0,-153.0,-0.485079,-0.485079,0.979382,0.979382,8632.01,8625.95,8630.0,8630.0,2,45,4,3,0.0,0.0,0.0,2.039999999999054,0.0005223772656275864,0.0
83,2023-02-27 09:36:19,2023-02-27 09:36:31,0.82789,0.82789,-0.662,-0.6609999999999999,162.0,162.0,-0.486156,-0.467754,0.923474,0.963454,8609.85,8607.69,8630.0,8630.0,2,0,4,3,0.0,0.0010000000000001,0.0,2.1599999999998545,0.00018368620205401327,0.0010000000000001
84,2023-02-27 09:36:39,2023-02-27 09:36:50,0.82789,0.82789,-0.66,-0.66,162.0,162.0,-0.484979,-0.50064,0.989523,0.965124,8606.3,8609.3,8630.0,8630.0,2,0,4,3,0.0,0.0,0.0,-3.0,0.0002549543752391637,0.0
85,2023-02-27 09:37:19,2023-02-27 09:37:30,0.82789,0.82789,-0.66,-0.659,162.0,162.0,-0.508316,-0.513105,0.985143,0.973513,8608.91,8617.41,8630.0,8630.0,2,0,4,3,0.0,0.001,0.0,-8.5,0.0007249669862501143,0.001
86,2023-02-27 09:40:08,2023-02-27 09:40:19,0.82789,0.82789,-0.659,-0.6579999999999999,162.0,162.0,-0.499084,-0.406821,0.956585,0.914552,8617.86,8628.9,8630.0,8630.0,2,0,4,3,0.0,0.0010000000000001,0.0,-11.039999999999054,0.0009480824743960867,0.0010000000000001
87,2023-02-28 06:14:05,2023-02-28 06:14:16,1.72786,1.7285700000000002,-0.291025,-0.2903179999999999,-153.0,-153.0,-1.20994,-1.15346,0.391963,0.529021,8653.21,8640.79,8630.0,8630.0,1,45,4,3,0.0007100000000002,0.000707,0.0,-12.419999999998254,0.0010837246832686891,0.0010019725545144856
88,2023-02-28 06:14:19,2023-02-28 06:14:41,1.72927,1.7285700000000002,-0.2903179999999999,-0.2903179999999999,-153.0,-153.0,-1.15276,-1.18125,0.545064,0.7176710000000001,8639.26,8622.07,8630.0,8630.0,1,45,4,3,-0.0006999999999999,0.0,0.0,-1.3299999999999272,0.0014834860380134175,0.0006999999999999
89,2023-02-28 06:14:49,2023-02-28 06:15:00,1.7285700000000002,1.72786,-0.2903179999999999,-0.291025,-153.0,-153.0,-1.18145,-1.2397,0.751154,0.778187,8621.8,8618.0,8630.0,8630.0,1,45,4,3,-0.0007100000000002,-0.000707,0.0,3.799999999999272,0.00032557004592704517,0.0010019725545144856
90,2023-02-28 06:15:06,2023-02-28 06:15:17,1.72715,1.72715,-0.291732,-0.291732,-153.0,-153.0,-1.22971,-1.22315,0.779846,0.7019810000000001,8617.21,8616.63,8630.0,8630.0,1,45,4,3,0.0,0.0,0.0,0.5799999999999272,4.9593018140543075e-05,0.0
91,2023-02-28 06:15:33,2023-02-28 06:15:44,1.72715,1.72645,-0.291732,-0.292439,-153.0,-153.0,-1.26025,-1.21993,0.7012229999999999,0.701341,8618.41,8621.0,8630.0,8630.0,1,45,4,3,-0.0006999999999999,-0.000707,0.0,-2.590000000000145,0.00022187260390040862,0.0009949115538578593
92,2023-02-28 06:15:54,2023-02-28 06:16:06,1.72645,1.72574,-0.292439,-0.293146,-153.0,-153.0,-1.22157,-1.20209,0.6416029999999999,0.6139479999999999,8622.08,8629.61,8630.0,8630.0,1,45,4,3,-0.0007099999999999,-0.000707,0.0,-7.530000000000655,0.0006477252363124998,0.001001972554514273
93,2023-02-28 19:00:11,2023-02-28 19:00:22,0.82789,0.82789,-0.659,-0.659,162.0,162.0,-0.43032,-0.476024,1.05839,1.07157,8600.25,8615.41,8630.0,8630.0,2,0,4,3,0.0,0.0,0.0,-15.159999999999854,0.0012884032223699647,0.0
94,2023-02-28 19:00:26,2023-02-28 19:00:38,0.82789,0.82789,-0.659,-0.657,162.0,162.0,-0.542565,-0.515729,1.09373,1.1158,8615.91,8635.62,8630.0,8630.0,2,0,4,3,0.0,0.002,0.0,-8.469999999999345,0.0016953648514054004,0.002
95,2023-02-28 19:03:06,2023-02-28 19:03:18,0.82789,0.82789,-0.657,-0.659,162.0,162.0,-0.4290029999999999,-0.518716,0.968574,1.01978,8639.77,8638.66,8630.0,8630.0,2,0,4,3,0.0,-0.002,0.0,-1.110000000000582,9.634553505050096e-05,0.002
96,2023-02-28 19:03:35,2023-02-28 19:04:40,0.82789,0.82789,-0.659,-0.6609999999999999,162.0,162.0,-0.418576,-0.539373,0.981313,0.964144,8637.27,8617.85,8630.0,8630.0,2,0,4,3,0.0,-0.0019999999999998,0.0,4.8799999999992,0.001672437930556222,0.0019999999999998
97,2023-03-01 07:03:48,2023-03-01 07:03:59,1.6529,1.6536099999999998,-1.72802,-1.72873,-153.0,-153.0,-0.5120399999999999,-0.391408,1.00546,0.941646,8638.37,8638.92,8630.0,8630.0,2,45,4,3,0.0007099999999997,-0.0007099999999997,0.0,0.5499999999992724,4.772040166361811e-05,0.0010040916292844732
98,2023-03-01 07:04:01,2023-03-01 07:04:13,1.6536099999999998,1.65431,-1.72873,-1.72943,-153.0,-153.0,-0.460557,-0.4507529999999999,0.970907,0.978651,8636.0,8631.32,8630.0,8630.0,2,45,4,3,0.0007000000000001,-0.0007000000000001,0.0,-4.680000000000291,0.0004046938547503069,0.000989949493661308
99,2023-03-01 07:04:18,2023-03-01 07:04:29,1.65431,1.6550200000000002,-1.72943,-1.7301400000000002,-153.0,-153.0,-0.490353,-0.4747649999999999,1.02418,0.963896,8627.67,8623.79,8630.0,8630.0,2,45,4,3,0.0007100000000002,-0.0007100000000002,0.0,3.8799999999992,0.00033372863468798754,0.0010040916292851803
100,2023-03-02 08:41:55,2023-03-02 08:42:06,0.82789,0.82789,-0.662,-0.6609999999999999,162.0,162.0,-0.538503,-0.503973,0.984406,0.982655,8608.4,8604.67,8630.0,8630.0,2,0,4,3,0.0,0.0010000000000001,0.0,3.729999999999563,0.00031672545856660885,0.0010000000000001
101,2023-03-02 08:42:37,2023-03-02 08:51:26,0.82789,0.82789,-0.66,-0.6579999999999999,162.0,162.0,-0.541395,-0.390183,0.954866,1.0360200000000002,8603.25,8626.76,8630.0,8630.0,2,0,4,3,0.0,0.0020000000000001,0.0,-23.51000000000022,0.0020076799914278275,0.0020000000000001
102,2023-03-03 06:09:49,2023-03-03 06:10:01,1.6550200000000002,1.6536099999999998,-1.7301400000000002,-1.72873,-153.0,-153.0,-0.528144,-0.490083,0.99339,1.01464,8606.55,8624.17,8630.0,8630.0,2,45,4,3,-0.0014100000000003,0.0014100000000003,0.0,-17.6200000000008,0.0015050402704204257,0.0019940411229464883
103,2023-03-03 19:31:21,2023-03-03 19:31:32,1.6550200000000002,1.6550200000000002,-1.7301400000000002,-1.7301400000000002,-153.0,-153.0,1.18554,1.1918799999999998,1.46035,1.4373200000000002,8624.97,8625.43,8630.0,8630.0,2,45,4,3,0.0,0.0,0.0,-0.4600000000009459,3.955165230360831e-05,0.0
104,2023-03-05 15:31:19,2023-03-05 15:31:31,0.82789,0.82789,-0.662,-0.6609999999999999,162.0,162.0,-0.520399,-0.5085390000000001,0.989733,0.977659,8612.68,8608.32,8630.0,8630.0,2,0,4,3,0.0,0.0010000000000001,0.0,4.360000000000582,0.00037120340157138586,0.0010000000000001
105,2023-03-05 15:31:33,2023-03-05 15:31:54,0.82789,0.82789,-0.6609999999999999,-0.6629999999999999,162.0,162.0,-0.562742,-0.50464,0.999923,0.997006,8608.32,8600.71,8630.0,8630.0,2,0,4,3,0.0,-0.002,0.0,7.610000000000582,0.0006453174391854012,0.002
106,2023-03-05 15:32:00,2023-03-05 15:32:29,0.82789,0.82789,-0.662,-0.6579999999999999,162.0,162.0,-0.50464,-0.516184,0.974072,0.996141,8598.5,8634.02,8630.0,8630.0,2,0,4,3,0.0,0.0040000000000001,0.0,-27.479999999999563,0.0030359088892956956,0.0040000000000001
107,2023-03-05 15:32:52,2023-03-05 15:33:03,0.82789,0.82789,-0.6579999999999999,-0.659,162.0,162.0,-0.485598,-0.4388829999999999,0.95527,0.984301,8633.51,8635.89,8630.0,8630.0,2,0,4,3,0.0,-0.0010000000000001,0.0,2.3799999999992,0.00020595014137488399,0.0010000000000001
108,2023-03-05 15:33:08,2023-03-05 15:33:19,0.82789,0.82789,-0.659,-0.66,162.0,162.0,-0.4388829999999999,-0.3906219999999999,1.00696,0.981023,8634.96,8632.59,8630.0,8630.0,2,0,4,3,0.0,-0.001,0.0,-2.3699999999989814,0.00020495691528795104,0.001
109,2023-03-05 15:33:34,2023-03-05 15:33:45,0.82789,0.82789,-0.66,-0.6609999999999999,162.0,162.0,-0.438113,-0.4312,1.02311,0.971352,8631.24,8622.92,8630.0,8630.0,2,0,4,3,0.0,-0.0009999999999998,0.0,5.8400000000001455,0.0007162754626866929,0.0009999999999998
110,2023-03-06 04:15:31,2023-03-06 04:15:42,1.6550200000000002,1.65431,-1.7301400000000002,-1.72943,-153.0,-153.0,-0.548475,-0.5099670000000001,1.0241,0.980273,8613.08,8620.72,8630.0,8630.0,2,45,4,3,-0.0007100000000002,0.0007100000000002,0.0,-7.639999999999418,0.0006532520617799512,0.0010040916292851803
111,2023-03-06 08:00:39,2023-03-06 08:00:50,0.82789,0.82789,-0.6609999999999999,-0.66,162.0,162.0,-1.4034,-1.32304,1.99731,1.81642,8592.55,8599.04,8630.0,8630.0,2,0,4,3,0.0,0.0009999999999998,0.0,-6.490000000001601,0.0005471525365333247,0.0009999999999998
112,2023-03-06 08:00:57,2023-03-06 08:01:08,0.82789,0.82789,-0.66,-0.659,162.0,162.0,-1.15493,-1.03125,1.7077099999999998,1.48614,8594.35,8603.78,8630.0,8630.0,2,0,4,3,0.0,0.001,0.0,-9.430000000000293,0.0007967497390936923,0.001
113,2023-03-06 08:02:13,2023-03-06 08:02:24,0.82789,0.82789,-0.6579999999999999,-0.6579999999999999,162.0,162.0,-0.575563,-0.5839840000000001,1.0809,1.03842,8611.41,8621.96,8630.0,8630.0,2,0,4,3,0.0,0.0,0.0,-10.549999999999272,0.0009019405995962196,0.0
114,2023-03-07 09:24:58,2023-03-07 09:25:09,0.82789,0.82789,-0.6609999999999999,-0.66,162.0,162.0,-0.850348,-0.542787,1.03691,0.836016,8601.42,8608.9,8630.0,8630.0,2,0,4,3,0.0,0.0009999999999998,0.0,-7.479999999999563,0.0006345668309462239,0.0009999999999998
115,2023-03-07 22:05:38,2023-03-07 22:07:12,1.72786,1.71937,-0.291025,-0.29951,-153.0,-153.0,-0.6308020000000001,-0.781963,1.1577,1.05063,8672.97,8669.32,8630.0,8630.0,1,45,4,3,-0.0084899999999998,-0.008485,0.0,-3.649999999999636,0.0003237573471525746,0.01200313813133868
116,2023-03-08 07:51:07,2023-03-08 07:51:30,0.82789,0.82789,-0.662,-0.659,162.0,162.0,-0.563621,-0.51647,1.09005,1.02656,8576.88,8610.48,8630.0,8630.0,2,0,4,3,0.0,0.003,0.0,-33.600000000000364,0.0028288164596856694,0.003
117,2023-03-09 01:16:31,2023-03-09 01:16:42,0.82789,0.82789,-0.662,-0.6609999999999999,162.0,162.0,-0.5064270000000001,-0.503532,1.03876,1.00099,8613.39,8609.47,8630.0,8630.0,2,0,4,3,0.0,0.0010000000000001,0.0,3.9200000000000728,0.0003339502179455676,0.0010000000000001
118,2023-03-09 01:16:55,2023-03-09 01:17:06,0.82789,0.82789,-0.6609999999999999,-0.66,162.0,162.0,-0.518349,-0.4659720000000001,0.987195,0.959619,8609.67,8616.6,8630.0,8630.0,2,0,4,3,0.0,0.0009999999999998,0.0,-6.930000000000291,0.0005910510238203815,0.0009999999999998
119,2023-03-09 01:29:28,2023-03-09 01:29:39,0.82789,0.82789,-0.66,-0.659,162.0,162.0,-0.485921,-0.593336,0.993087,0.990786,8617.0,8626.59,8630.0,8630.0,2,0,4,3,0.0,0.001,0.0,-9.590000000000146,0.0008226837115119097,0.001
120,2023-03-09 04:54:51,2023-03-09 04:55:02,1.72786,1.7285700000000002,-0.291025,-0.2903179999999999,-153.0,-153.0,-0.4544899999999999,-0.45296,0.975629,0.946876,8630.32,8618.25,8630.0,8630.0,1,45,4,3,0.0007100000000002,0.000707,0.0,11.430000000000293,0.0010371670966053334,0.0010019725545144856
121,2023-03-09 04:55:09,2023-03-09 04:55:20,1.7285700000000002,1.72786,-0.2903179999999999,-0.291025,-153.0,-153.0,-0.476839,-0.472653,0.946876,0.958405,8618.94,8616.43,8630.0,8630.0,1,45,4,3,-0.0007100000000002,-0.000707,0.0,2.5100000000002183,0.0002147282156566091,0.0010019725545144856
122,2023-03-09 04:56:36,2023-03-09 04:56:47,1.72786,1.72715,-0.291025,-0.291732,-153.0,-153.0,-0.478951,-0.498322,1.02515,1.0450700000000002,8616.03,8613.4,8630.0,8630.0,1,45,4,3,-0.0007099999999999,-0.000707,0.0,2.630000000001018,0.00022454664872535797,0.001001972554514273
123,2023-03-09 04:57:54,2023-03-09 04:58:05,1.72715,1.72645,-0.291732,-0.292439,-153.0,-153.0,-0.548867,-0.482968,1.00352,1.01017,8614.43,8612.2,8630.0,8630.0,1,45,4,3,-0.0006999999999999,-0.000707,0.0,2.2299999999995634,0.00019021660432651436,0.0009949115538578593
124,2023-03-09 04:59:00,2023-03-09 04:59:11,1.72574,1.72574,-0.293146,-0.293146,-153.0,-153.0,-0.504278,-0.480987,1.00247,1.03323,8611.3,8615.25,8630.0,8630.0,1,45,4,3,0.0,0.0,0.0,-3.950000000000728,0.00033692183221516154,0.0
125,2023-03-09 05:00:11,2023-03-09 05:00:22,1.72574,1.7250299999999998,-0.293146,-0.293853,-153.0,-153.0,-0.499733,-0.518966,1.00167,1.00244,8616.36,8621.71,8630.0,8630.0,1,45,4,3,-0.0007100000000002,-0.000707,0.0,-5.349999999998545,0.0004581025617995851,0.0010019725545144856
126,2023-03-09 22:24:06,2023-03-09 22:24:31,0.82789,0.82789,-0.662,-0.6579999999999999,162.0,162.0,-0.541555,-0.48711,1.02467,1.04361,8616.05,8635.48,8630.0,8630.0,2,0,4,3,0.0,0.0040000000000001,0.0,-8.470000000001164,0.001671280003056906,0.0040000000000001
127,2023-03-11 08:15:42,2023-03-11 08:15:53,0.82789,0.82789,-0.662,-0.6609999999999999,162.0,162.0,-0.513437,-0.490305,0.969957,0.974477,8611.53,8607.24,8630.0,8630.0,2,0,4,3,0.0,0.0010000000000001,0.0,4.290000000000873,0.00036497140855170734,0.0010000000000001
128,2023-03-11 08:16:02,2023-03-11 08:16:13,0.82789,0.82789,-0.6609999999999999,-0.66,162.0,162.0,-0.5393680000000001,-0.498425,0.991603,1.00186,8605.99,8613.62,8630.0,8630.0,2,0,4,3,0.0,0.0009999999999998,0.0,-7.630000000001019,0.0006493047284469416,0.0009999999999998
129,2023-03-12 03:58:08,2023-03-12 03:59:07,0.82789,0.82789,-0.662,-0.6609999999999999,162.0,162.0,-0.493488,-0.6110949999999999,1.0159200000000002,0.967999,8610.85,8606.12,8630.0,8630.0,2,0,4,3,0.0,0.0010000000000001,0.0,4.729999999999563,0.00040216232697573123,0.0010000000000001
130,2023-03-12 04:02:39,2023-03-12 04:02:50,0.82789,0.82789,-0.6609999999999999,-0.66,162.0,162.0,-0.552392,-0.451168,0.976928,0.991355,8606.66,8614.08,8630.0,8630.0,2,0,4,3,0.0,0.0009999999999998,0.0,-7.420000000000073,0.0006316725883133469,0.0009999999999998
131,2023-03-12 13:04:49,2023-03-12 13:05:00,1.6550200000000002,1.65431,-1.7301400000000002,-1.72943,-153.0,-153.0,-0.929181,-0.8475520000000001,2.16588,1.88643,8582.98,8590.09,8630.0,8630.0,2,45,4,3,-0.0007100000000002,0.0007100000000002,0.0,-7.110000000000582,0.0005957447781194718,0.0010040916292851803
132,2023-03-12 13:05:06,2023-03-12 13:05:46,1.65431,1.65219,-1.72943,-1.72731,-153.0,-153.0,-0.816585,-0.664276,1.82295,1.27863,8590.93,8675.62,8630.0,8630.0,2,45,4,3,-0.0021199999999998,0.0021200000000001,0.0,6.550000000001091,0.007322988961982664,0.0029981327522308906
133,2023-03-12 13:09:14,2023-03-12 13:09:44,1.65219,1.66704,-1.72731,-1.74216,-153.0,-153.0,-0.4686979999999999,-0.511034,0.979703,1.00578,8680.06,8615.2,8630.0,8630.0,2,45,4,3,0.01485,-0.01485,0.0,-35.26000000000022,0.00566252488210702,0.021001071401240464
134,2023-03-12 13:10:36,2023-03-12 13:10:47,1.66704,1.6741099999999998,-1.74216,-1.7492299999999998,-153.0,-153.0,-0.5808369999999999,-0.542974,1.05817,1.0388,8729.99,8600.03,8630.0,8630.0,2,45,4,3,0.0070699999999996,-0.0070699999999999,0.0,-70.02000000000044,0.011485019146841143,0.009998489885977428
135,2023-03-12 13:11:40,2023-03-12 13:11:51,1.6741099999999998,1.6734,-1.7492299999999998,-1.74852,-153.0,-153.0,-0.552034,-0.495938,0.991374,0.990616,8551.79,8626.01,8630.0,8630.0,2,45,4,3,-0.0007099999999997,0.0007099999999997,0.0,-74.21999999999935,0.0062295819769555595,0.0010040916292844732
136,2023-03-12 13:11:57,2023-03-12 13:12:09,1.6734,1.6727,-1.74852,-1.7478200000000002,-153.0,-153.0,-0.490058,-0.490463,1.0017,1.02954,8587.75,8530.71,8630.0,8630.0,2,45,4,3,-0.0006999999999999,0.0006999999999999,0.0,57.04000000000087,0.004694322496024016,0.0009899494936610252
137,2023-03-12 13:12:15,2023-03-12 13:12:26,1.6727,1.67199,-1.7478200000000002,-1.74711,-153.0,-153.0,-0.447929,-0.496239,0.989583,0.966401,8580.14,8635.92,8630.0,8630.0,2,45,4,3,-0.0007099999999999,0.0007100000000002,0.0,-43.94000000000051,0.00474159134918976,0.001004091629284968
138,2023-03-12 13:24:29,2023-03-12 13:24:40,1.67128,1.67058,-1.7464,-1.7457,-153.0,-153.0,-0.47307,-0.4290239999999999,0.964479,1.02334,8583.98,8621.16,8630.0,8630.0,2,45,4,3,-0.0006999999999999,0.0006999999999999,0.0,-37.18000000000029,0.003148838116970599,0.0009899494936610252
139,2023-03-12 13:25:04,2023-03-12 13:25:15,1.66987,1.66987,-1.7457,-1.74499,-153.0,-153.0,-0.473312,-0.509468,1.01949,0.977557,8603.3,8695.52,8630.0,8630.0,2,45,4,3,0.0,0.0007099999999999,0.0,38.81999999999971,0.00806187021461239,0.0007099999999999
140,2023-03-12 13:31:22,2023-03-12 13:31:33,1.6628,1.6628,-1.74499,-1.73792,-153.0,-153.0,-0.396469,-0.4081059999999999,0.8470639999999999,0.88534,8572.5,8628.63,8630.0,8630.0,2,45,4,3,0.0,0.0070699999999999,0.0,-56.1299999999992,0.0047476259910431175,0.0070699999999999
141,2023-03-12 13:31:36,2023-03-12 13:31:48,1.6628,1.65573,-1.73792,-1.73085,-153.0,-153.0,-0.4081059999999999,-0.427285,0.88534,0.973021,8628.63,8588.67,8630.0,8630.0,2,45,4,3,-0.0070700000000001,0.0070700000000001,0.0,39.95999999999913,0.003398073255339724,0.009998489885977922
142,2023-03-12 13:31:51,2023-03-12 13:32:02,1.65573,1.6550200000000002,-1.73085,-1.7301400000000002,-153.0,-153.0,-0.49268,-0.469981,0.973021,0.991781,8588.67,8602.54,8630.0,8630.0,2,45,4,3,-0.0007099999999997,0.0007099999999997,0.0,-13.8700000000008,0.0011691952883917268,0.0010040916292844732
143,2023-03-12 13:32:07,2023-03-12 13:33:09,1.6550200000000002,1.6536099999999998,-1.7301400000000002,-1.72873,-153.0,-153.0,-0.483824,-0.538555,0.977363,1.10362,8602.62,8622.86,8630.0,8630.0,2,45,4,3,-0.0014100000000003,0.0014100000000003,0.0,-20.23999999999978,0.0017258052578195252,0.0019940411229464883
144,2023-03-14 04:31:33,2023-03-14 04:31:51,1.6550200000000002,1.65644,-1.7301400000000002,-1.7315599999999998,-153.0,-153.0,-0.440424,-0.501309,1.12522,1.03654,8628.73,8612.86,8630.0,8630.0,2,45,4,3,0.0014199999999999,-0.0014199999999995,0.0,15.86999999999898,0.0013605094850434635,0.0020081832585693705
145,2023-03-14 04:31:59,2023-03-14 04:32:10,1.65644,1.65573,-1.7315599999999998,-1.73085,-153.0,-153.0,-0.518928,-0.518928,1.0239200000000002,1.01227,8610.74,8611.01,8630.0,8630.0,2,45,4,3,-0.0007100000000002,0.0007099999999997,0.0,-0.2700000000004365,2.2993122542713002e-05,0.0010040916292848269
146,2023-03-14 04:32:24,2023-03-14 04:32:35,1.65573,1.6550200000000002,-1.73085,-1.7301400000000002,-153.0,-153.0,-0.5465949999999999,-0.4842109999999999,0.980264,0.971291,8610.58,8615.69,8630.0,8630.0,2,45,4,3,-0.0007099999999997,0.0007099999999997,0.0,-5.110000000000582,0.0004358252347923702,0.0010040916292844732
147,2023-03-14 04:32:42,2023-03-14 04:32:53,1.6550200000000002,1.65432,-1.7301400000000002,-1.72944,-153.0,-153.0,-0.511165,-0.5595600000000001,0.965566,0.960916,8614.67,8621.0,8630.0,8630.0,2,45,4,3,-0.0007000000000001,0.0007000000000001,0.0,-6.329999999999927,0.0005415807310116045,0.000989949493661308
148,2023-03-16 05:33:07,2023-03-16 05:33:19,1.65432,1.6536099999999998,-1.72873,-1.72802,-153.0,-153.0,-0.790435,-0.765616,1.0219,0.982504,8612.91,8612.91,8630.0,8630.0,2,45,4,3,-0.0007100000000002,0.0007099999999997,0.0,0.0,0.0,0.0010040916292848269
149,2023-03-16 23:32:41,2023-03-16 23:32:52,0.82789,0.82789,-0.66,-0.6609999999999999,162.0,162.0,-0.4866399999999999,-0.5130859999999999,0.967686,0.978249,8638.29,8638.29,8630.0,8630.0,2,0,4,3,0.0,-0.0009999999999998,0.0,0.0,0.0,0.0009999999999998
150,2023-03-16 23:34:05,2023-03-16 23:34:16,0.82789,0.82789,-0.6609999999999999,-0.662,162.0,162.0,-0.425972,-0.468653,1.03055,1.03055,8638.29,8638.29,8630.0,8630.0,2,0,4,3,0.0,-0.0010000000000001,0.0,0.0,0.0,0.0010000000000001
151,2023-03-16 23:34:24,2023-03-16 23:34:35,0.82789,0.82789,-0.6629999999999999,-0.6629999999999999,162.0,162.0,-0.449543,-0.449259,0.994003,1.01219,8638.29,8638.29,8630.0,8630.0,2,0,4,3,0.0,0.0,0.0,0.0,0.0,0.0
152,2023-03-16 23:36:47,2023-03-16 23:36:58,0.82789,0.82789,-0.6629999999999999,-0.664,162.0,162.0,-0.523831,-0.524813,1.05426,1.03011,8638.29,8638.29,8630.0,8630.0,2,0,4,3,0.0,-0.0010000000000001,0.0,0.0,0.0,0.0010000000000001
153,2023-03-16 23:37:10,2023-03-16 23:37:21,0.82789,0.82789,-0.665,-0.6659999999999999,162.0,162.0,-0.46624,-0.50773,1.0169,1.0269,8638.29,8638.29,8630.0,8630.0,2,0,4,3,0.0,-0.0009999999999998,0.0,0.0,0.0,0.0009999999999998
154,2023-03-16 23:37:49,2023-03-16 23:38:00,0.82789,0.82789,-0.6659999999999999,-0.667,162.0,162.0,-0.562956,-0.4954989999999999,1.00595,0.968429,8638.29,8638.29,8630.0,8630.0,2,0,4,3,0.0,-0.0010000000000001,0.0,0.0,0.0,0.0010000000000001
155,2023-03-16 23:38:20,2023-03-16 23:38:32,0.82789,0.82789,-0.667,-0.669,162.0,162.0,-0.5139090000000001,-0.572294,0.979212,0.973726,8638.29,8638.29,8630.0,8630.0,2,0,4,3,0.0,-0.002,0.0,0.0,0.0,0.002
156,2023-03-16 23:40:53,2023-03-16 23:41:22,0.82789,0.82789,-0.669,-0.6629999999999999,162.0,162.0,-0.511877,-0.467476,1.00019,1.01507,8638.29,8638.29,8630.0,8630.0,2,0,4,3,0.0,0.0060000000000001,0.0,0.0,0.0,0.0060000000000001
157,2023-03-16 23:42:43,2023-03-16 23:42:59,0.82789,0.82789,-0.6629999999999999,-0.6609999999999999,162.0,162.0,-0.471282,-0.423674,1.0264799999999998,0.984508,8574.83,8574.83,8630.0,8630.0,2,0,4,3,0.0,0.002,0.0,0.0,0.0,0.002
158,2023-03-16 23:43:40,2023-03-16 23:43:53,0.82789,0.82789,-0.6609999999999999,-0.657,162.0,162.0,-0.446014,-0.408503,1.01113,0.997086,8597.65,8597.65,8630.0,8630.0,2,0,4,3,0.0,0.0039999999999998,0.0,0.0,0.0,0.0039999999999998
159,2023-03-16 23:44:20,2023-03-16 23:44:31,0.82789,0.82789,-0.657,-0.6579999999999999,162.0,162.0,-0.525928,-0.501629,1.00501,1.0487799999999998,8641.51,8641.51,8630.0,8630.0,2,0,4,3,0.0,-0.0009999999999998,0.0,0.0,0.0,0.0009999999999998
160,2023-03-16 23:44:50,2023-03-16 23:45:02,0.82789,0.82789,-0.6579999999999999,-0.66,162.0,162.0,-0.53072,-0.53072,1.02259,1.02841,8642.75,8642.75,8630.0,8630.0,2,0,4,3,0.0,-0.0020000000000001,0.0,0.0,0.0,0.0020000000000001
161,2023-03-16 23:45:22,2023-03-16 23:45:33,0.82789,0.82789,-0.66,-0.6609999999999999,162.0,162.0,-0.534039,-0.5286890000000001,1.02155,1.04467,8632.86,8632.86,8630.0,8630.0,2,0,4,3,0.0,-0.0009999999999998,0.0,0.0,0.0,0.0009999999999998
162,2023-03-17 05:22:28,2023-03-17 05:22:49,1.65432,1.65573,-1.72873,-1.7301400000000002,-153.0,-153.0,-0.570638,-0.489324,1.06248,1.0515,8633.66,8626.1,8630.0,8630.0,2,45,4,3,0.0014099999999999,-0.0014100000000003,0.0,0.2399999999997817,0.0006520739475356274,0.001994041122946205
163,2023-03-17 05:22:51,2023-03-17 05:23:02,1.65573,1.65644,-1.7301400000000002,-1.73085,-153.0,-153.0,-0.489324,-0.5002880000000001,1.0515,1.04092,8626.1,8617.24,8630.0,8630.0,2,45,4,3,0.0007100000000002,-0.0007099999999997,0.0,8.860000000000582,0.0007599961516548245,0.0010040916292848269
164,2023-03-17 05:43:16,2023-03-17 05:43:27,1.65644,1.65573,-1.73085,-1.7301400000000002,-153.0,-153.0,-0.498115,-0.415839,0.960485,1.01861,8618.32,8620.01,8630.0,8630.0,2,45,4,3,-0.0007100000000002,0.0007099999999997,0.0,-1.690000000000509,0.0001447215509912194,0.0010040916292848269
165,2023-03-17 22:23:53,2023-03-17 22:24:04,0.82789,0.82789,-0.66,-0.6609999999999999,162.0,162.0,-0.534698,-0.473401,1.01155,1.02971,8635.24,8625.84,8630.0,8630.0,2,0,4,3,0.0,-0.0009999999999998,0.0,-1.0799999999999272,0.0008111409464417235,0.0009999999999998
166,2023-03-18 09:15:18,2023-03-18 09:15:29,1.65503,1.65573,-1.72944,-1.7301400000000002,-153.0,-153.0,-0.558538,-0.510741,0.965209,0.968714,8632.28,8628.85,8630.0,8630.0,2,45,4,3,0.0006999999999999,-0.0007000000000001,0.0,-1.1300000000010186,0.00029598449489210473,0.0009899494936611666
